Kazak1,/kadin-kazak/lela-dik-yaka-triko-bayan-kazak-4615012-P462466848,126933437796
Kazak2,/kadin-kazak/lela-bayan-kazak-4615060-P462567369,126933688425
Kazak3,/kadin-kazak/giybi-kadife-dokulu-basic-kazak-yesil-P509398562,127074040873
Kazak4,/kadin-kazak/giybi-orgu-desen-dugmeli-kisa-triko-hirka-kahverengi-P509656083,127074040589
Kazak5,/kadin-kazak/fullamoda-sac-orgulu-balikci-yaka-triko-kazak-P512975005,127043968470
Kazak6,/kadin-kazak/lela-bayan-kazak-4615053-P462467019,126933436452
Kazak7,/kadin-kazak/kadin-gri-selanik-salas-triko-kazak-P510675671,127039952443
Kazak8,/kadin-kazak/retrobird-blok-renkli-kazak-kadin-cok-renkli-P519382027,127059011585
Kazak9,/kadin-kazak/lela-bayan-kazak-4614993-P462466788,126933437908
Kazak10,/kadin-kazak/kadin-siyah-selanik-salas-triko-kazak-standart-P522605726,127066894842
Kazak11,/kadin-kazak/giyim-dunyasi-kadin-fitilli-tam-balikci-yirtmacli-kazak-P508870299,127036790238
Sweatshirt12,/sweatshirt/anime-harajuku-gothic-cool-girl-oversize-unisex-uzun-kollu-P519755951,127059742455
Sweatshirt13,/sweatshirt/nisanca-uzun-kollu-collage-unisex-turuncu-oversize-sweatshirt-P507041638,127033649247
Sweatshirt14,/sweatshirt/kadin-never-give-up-baskili-kapusonlu-sweatshirt-lacivert-P514907055,127048406095
Sweatshirt15,/sweatshirt/kirmizi-siyah-cizgili-sweat-P332369241,126775045257
